,Source_ID,minimized chi^2,log(Z),log(Z)_err_lo,log(Z)_err_hi,log(age)/10,log(age)/10_err_lo,log(age)/10_err_hi,log(M)/10,log(M)/10_err_lo,log(M)/10_err_hi,E(B-V),E(B-V)_err_lo,E(B-V)_err_hi
Source at row 5,48,34.92277576053247,0.275438316993602,0.02496268864250173,N/A,0.8298525324435879,0.0008040153829138585,0.0008041371477712778,0.40721018701438566,0.0010152486253354187,0.0009918770574656177,0.0701134077943453,0.004560832331888198,0.004688669527581318
