,Source_ID,minimized chi^2,log(Z_old_1),log(Z_old_1)_err_lo,log(Z_old_1)_err_hi,log(age_old_1)/10,log(age_old_1)/10_err_lo,log(age_old_1)/10_err_hi,log(M_old_1)/10,log(M_old_1)/10_err_lo,log(M_old_1)/10_err_hi,E(B-V)_old,E(B-V)_old_err_lo,E(B-V)_old_err_hi,log(Z_old_2),log(Z_old_2)_err_lo,log(Z_old_2)_err_hi,log(age_old_2)/10,log(age_old_2)/10_err_lo,log(age_old_2)/10_err_hi,log(M_old_2)/10,log(M_old_2)/10_err_lo,log(M_old_2)/10_err_hi,E(B-V)_young,E(B-V)_young_err_lo,E(B-V)_young_err_hi,log(Z_young),log(Z_young)_err_lo,log(Z_young)_err_hi,log(age_young)/10,log(age_young)/10_err_lo,log(age_young)/10_err_hi,log(M_young)/10,log(M_young)/10_err_lo,log(M_young)/10_err_hi
Source at row 4,q1ann03,56160.97031488564,-0.5242796960462588,0.00022240299161513377,0.0004740063652077797,0.8952789491944336,8.597192453385638e-06,5.3884870080622704e-05,0.8157678057215751,1.8252346766667316e-05,2.1339343610704553e-05,0.5041103144049525,0.00013332434113244584,0.00012524393296742264,-1.2089036335284506,0.002971176320204938,0.0036109188097122047,0.9423463652408333,3.611891697941072e-05,5.188707362868694e-05,0.8096918600681767,3.770238064493281e-05,4.531391610107516e-05,0.17079195994853594,N/A,N/A,-0.7522194572457053,N/A,N/A,0.7999102242102101,N/A,N/A,0.2049786547135581,N/A,0.20296512639791506
