,F148W_meas_flux [mJy],F148W_err [mJy],F148W_avg_wav [nm],F148W_model_flux [mJy],F169M_meas_flux [mJy],F169M_err [mJy],F169M_avg_wav [nm],F169M_model_flux [mJy],F172M_meas_flux [mJy],F172M_err [mJy],F172M_avg_wav [nm],F172M_model_flux [mJy],N219M_meas_flux [mJy],N219M_err [mJy],N219M_avg_wav [nm],N219M_model_flux [mJy],N279N_meas_flux [mJy],N279N_err [mJy],N279N_avg_wav [nm],N279N_model_flux [mJy],f275w_meas_flux [mJy],f275w_err [mJy],f275w_avg_wav [nm],f275w_model_flux [mJy],f336w_meas_flux [mJy],f336w_err [mJy],f336w_avg_wav [nm],f336w_model_flux [mJy],f475w_meas_flux [mJy],f475w_err [mJy],f475w_avg_wav [nm],f475w_model_flux [mJy],f814w_meas_flux [mJy],f814w_err [mJy],f814w_avg_wav [nm],f814w_model_flux [mJy],f110w_meas_flux [mJy],f110w_err [mJy],f110w_avg_wav [nm],f110w_model_flux [mJy],f160w_meas_flux [mJy],f160w_err [mJy],f160w_avg_wav [nm],f160w_model_flux [mJy]
Source at row 5,0.01893674294825831,0.0006162079120862051,148.1,0.01814440287715815,,,160.8,,0.018768584673595892,0.001673796470162921,171.7,0.02769096874080546,0.03618425372220015,0.0027691489424409633,219.6,0.032569814885933523,,,279.2,,0.04716284552998345,0.001737601382701794,270.4,0.0468796349037085,0.07599762143610322,0.0013999746050677576,335.5,0.07478865294742951,0.2357219363651002,0.0043423033317693685,477.3,0.236283856958405,0.26375457408893377,0.021864153696236562,802.4,0.25889016338512677,0.27554973646267855,0.05837380435333524,1153.4,0.32859941037828927,0.288031509205009,0.0769357443763955,1536.9,0.3818075735134631
