log(Z_old1),log(age_old2)/10,log(M_old1)/10,E(B-V)_old1,log(Z_old2),log(M_old2)/10,E(B-V)_young,log(Z_old3),log(age_old3)/10,log(M_old3)/10,Chi squared
-2.1,0.9,0.00713943291987985,0.0,-2.1,0.0,0.0,-2.1,0.66,0.0,152914354.23984542
-2.1,1.0,0.0,0.0,-2.1,0.0,0.0,-2.1,0.66,0.0,36199057.45458073
-2.1,0.9,0.7615059154700226,0.0,-2.1,0.0,0.0,-2.1,0.66,0.0,152914328.15586478
-2.1,1.0,0.0,0.0,-2.1,0.0,0.0,-2.1,0.66,0.0,36199054.51112939
