log(Z_hot),log(age_hot)/10,log(M_hot)/10,E(B-V)_hot,log(Z_cool),log(age_cool)/10,log(M_cool)/10,E(B-V)_cool,Chi_squared
-2.1,0.66,0.40475487512315916,0.0,-2.1,0.66,0.40475487512315916,0.0,341231662.67154413
-2.1,0.66,0.0,0.0,-2.1,1.01,0.8842699875519827,0.0,36134439.83090511
-2.1,0.66,0.43485614626258307,0.0,-0.1,0.66,0.0,0.0,341231677.07806736
-2.1,0.66,0.33673024843028615,0.0,-0.1,1.01,0.9107671101946577,0.0,422852.62407449447
