log(Z),log(age)/10,M,E(B-V),Chi_squared
-2.1,0.66,22314.144111313708,0.0,341231662.6715038
