log(Z),log(age)/10,M,E(B-V),Chi_squared
-2.1,0.66,22314.146618093506,0.0,341231662.6715036
-2.1,0.9,82431777.03093691,0.0,152913379.6321653
-1.1,0.66,62077.64871434159,0.0,323722445.47780734
-1.1,0.9,111506772.82706563,0.0,94368922.02284405
-0.1,0.66,21905.333462763832,0.0,341564169.60274893
-0.1,0.9,177324002.91371313,0.0,47864873.96759291
