row,weighted_mean_log(Z1),sigma_log(Z1),weighted_mean_log(age1)/10,sigma_log(age1)/10,weighted_mean_log(M1)/10,sigma_log(M1)/10,weighted_mean_ebv1,sigma_ebv1,weighted_mean_log(Z2),sigma_log(Z2),weighted_mean_log(age2)/10,sigma_log(age2)/10,weighted_mean_log(M2)/10,sigma_log(M2)/10,weighted_mean_ebv2,sigma_ebv2,chi2_using_mean_parameters,fitted_log(M1)/10_to_mean_parameters,fitted_log(M2)/10_to_mean_parameters,chi2_of_fitted_Ms
2,-2.099994080100733,0.003440895739333289,0.66,4.6138769268832987e-23,1.0012976075846463,1.827252341897976e-05,0.0,0.0,-1.7799999996706115,0.34000000043919226,0.68,6.621528795094768e-21,3.230811862222964e-10,1.7978763920838926e-05,0.0,0.0,6.90897030241353e+17,2.1027558613501065e-06,7.953331705967418e-07,344471847.71423507
