row,weighted_mean_log(Z1),weighted_sigma_log(Z1),weighted_mean_log(age1)/10,weighted_sigma_log(age1)/10,log(weighted_mean_M1)/10,log(weighted_sigma_M1)/10,weighted_mean_ebv1,weighted_sigma_ebv1,chi2_using_mean_parameters,fitted_log(M1)/10_to_mean_parameters,chi2_of_fitted_log(M1)/10
2,-0.08059641360867609,0.05020854212815728,0.6632512652474184,0.000932424662327323,0.24575572629281636,0.13342745404356704,0.29681327163602417,0.013809116839232938,22.965847178713904,0.24563396930293757,22.902449701509862
